{"max_position_size": 1553.8744375, "max_portfolio_size": 1355746.7244607357, "max_drawdown": 35.5, "max_risk_per_trade": 0.07183, "max_crypto_equity": 2000}