{"max_position_size": 16835.772603260553, "max_portfolio_size": 1329411.4803219722, "max_drawdown": 35.5, "max_risk_per_trade": 0.07183, "max_crypto_equity": 2000}